{
  "stripe_slider": [
    {
      "text": "Conheça sua <b>nova camiseta preferida!<b>",
      "url": "/roupas"
    },
    {
      "text": "<b>Frete grátis<b> em compras acima de R$299*",
      "url": "/"
    },
    {
      "text": "Dois novos modelos em 4 novas cores! <u>clique e conheça<u>",
      "url": "/novidades"
    }
  ],
  "links": [
    {
      "title": "Roupas",
      "url": "/roupas",
      "image": "/img/uploads/banner-aba-categoria.jpg",
      "list": [
        {
          "item": {
            "title": "Bázica Gola C",
            "url": "/bazica-gola-c",
            "image": ""
          }
        },
        {
          "item": {
            "title": "Bázica Long",
            "url": "/bazica-long"
          }
        },
        {
          "item": {
            "title": "Bázica Gola V",
            "url": "/bazica-gola-v",
            "image": ""
          }
        },
        {
          "item": {
            "title": "Bázica Feminina",
            "url": "/bazica-feminina"
          }
        },
        {
          "item": {
            "title": "Bázica Oversized",
            "url": "/bazica-oversized"
          }
        },
        {
          "item": {
            "title": "Bázica Kids",
            "url": "/bazica-kids"
          }
        },
        {
          "item": {
            "url": "/bazica-vicentti",
            "title": "Bázica Vicentti"
          }
        },
        {
          "item": {
            "title": "Cuecas",
            "url": "/cuecas"
          }
        }
      ]
    },
    {
      "title": "Mais vendidos",
      "url": "/top-10"
    },
    {
      "title": "Bazicash",
      "url": "/pages/o-que-e-bazicash"
    },
    {
      "title": "BaziPass",
      "url": "https://landing.sejabazico.com.br/bazipass-assinatura/"
    }
  ]
}