{
  "seals": [
    {
      "item": {
        "image": "/img/uploads/exclusivo.png",
        "title": "Exclusivo Bazicash",
        "text_color": "#232323",
        "border_color": "#232323",
        "bg_color": "#ffffff",
        "categories": [
          {
            "category": {
              "title": "produtos-exclusivos"
            }
          }
        ]
      }
    },
    {
      "item": {
        "title": "Lançamento",
        "text_color": "#232323",
        "border_color": "#232323",
        "bg_color": "#ffffff",
        "products": [],
        "categories": [
          {
            "category": {
              "title": "novidades"
            }
          }
        ],
        "image": "/img/uploads/asset-14.png"
      }
    },
    {
      "item": {
        "title": "Pré-venda",
        "text_color": "#232323",
        "border_color": "#232323",
        "bg_color": "#ffffff",
        "categories": [
          {
            "category": {
              "title": "pre-venda"
            }
          }
        ]
      }
    },
    {
      "item": {
        "title": "Envio até 06/07",
        "text_color": "#232323",
        "border_color": "#232323",
        "bg_color": "#ffffff",
        "categories": [
          {
            "category": {
              "title": "pre-venda"
            }
          }
        ],
        "image": "/img/uploads/untitled-1.jpg"
      }
    },
    {
      "item": {
        "image": "/img/uploads/moeda-bazicash2.png",
        "title": "1.300 Bazicashs",
        "text_color": "#232323",
        "border_color": "#232323",
        "bg_color": "#ffffff",
        "categories": [
          {
            "category": {
              "title": "short"
            }
          }
        ],
        "products": []
      }
    },
    {
      "item": {
        "title": "999 Bazicashs",
        "image": "/img/uploads/moeda-bazicash2.png",
        "text_color": "#232323",
        "border_color": "#232323",
        "bg_color": "#ffffff",
        "products": [],
        "categories": [
          {
            "category": {
              "title": "bazicas"
            }
          }
        ]
      }
    },
    {
      "item": {
        "title": "500 Bazicashs",
        "text_color": "#232323",
        "border_color": "#232323",
        "bg_color": "#ffffff",
        "categories": [
          {
            "category": {
              "title": "cuecas"
            }
          }
        ],
        "image": "/img/uploads/bazicash-outline.png"
      }
    },
    {
      "item": {
        "title": "2.300 Bazicashs",
        "text_color": "#232323",
        "border_color": "#232323",
        "bg_color": "#ffffff",
        "categories": [
          {
            "category": {
              "title": "bazica-vicentti"
            }
          }
        ],
        "image": "/img/uploads/moeda-bazicash2.png"
      }
    },
    {
      "item": {
        "title": "1.999 Bazicashs",
        "text_color": "#232323",
        "bg_color": "#ffffff",
        "border_color": "#232323",
        "categories": [
          {
            "category": {
              "title": " bazica-vibe"
            }
          }
        ],
        "image": "/img/uploads/moeda-bazicash2.png"
      }
    },
    {
      "item": {
        "title": "2.060 Bazicashs",
        "text_color": "#232323",
        "border_color": "#232323",
        "bg_color": "#ffffff",
        "categories": [
          {
            "category": {
              "title": "bazica-lord"
            }
          }
        ],
        "image": "/img/uploads/moeda-bazicash2.png"
      }
    },
    {
      "item": {
        "title": "1.400 Bazicashs",
        "image": "/img/uploads/bazicash-outline.png",
        "categories": [
          {
            "category": {
              "title": "bazica-oversized"
            }
          }
        ],
        "text_color": "#232323",
        "border_color": "#232323",
        "bg_color": "#ffffff"
      }
    }
  ]
}