{
  "props": [
    {
      "item": {
        "image": "/img/uploads/image-10.png",
        "title": "Algodão Egípcio",
        "categories": [
          {
            "category": {
              "title": "bazicas"
            }
          }
        ]
      }
    },
    {
      "item": {
        "image": "/img/uploads/image-9-3-.png",
        "title": "Não Encolhe",
        "categories": [
          {
            "category": {
              "title": "bazicas"
            }
          }
        ],
        "products": []
      }
    },
    {
      "item": {
        "image": "/img/uploads/image-11.png",
        "title": "Caimento Impecável",
        "categories": [
          {
            "category": {
              "title": "bazicas"
            }
          }
        ]
      }
    },
    {
      "item": {
        "image": "/img/uploads/image-8.png",
        "title": "Não Desbota",
        "categories": [
          {
            "category": {
              "title": "bazicas"
            }
          }
        ]
      }
    },
    {
      "item": {
        "image": "/img/uploads/propriedade-dos-produtos-cueca-anti-odor.png",
        "title": "Anti-Odor",
        "categories": [
          {
            "category": {
              "title": "cuecas"
            }
          }
        ]
      }
    },
    {
      "item": {
        "image": "/img/uploads/propriedade-dos-produtos-cueca-anti-peeling.png",
        "title": "Anti-peeling",
        "categories": [
          {
            "category": {
              "title": "cuecas"
            }
          }
        ]
      }
    },
    {
      "item": {
        "title": "Anti-suor",
        "image": "/img/uploads/propriedade-dos-produtos-cueca-anti-suor.png",
        "categories": [
          {
            "category": {
              "title": "cuecas"
            }
          }
        ]
      }
    },
    {
      "item": {
        "image": "/img/uploads/propriedade-dos-produtos-cueca-molde-anatomico.png",
        "title": "Molde anatômico",
        "categories": [
          {
            "category": {
              "title": "cuecas"
            }
          }
        ]
      }
    },
    {
      "item": {
        "image": "/img/uploads/propriedade-dos-produtos-cueca-sedosa.png",
        "title": "Sedosa",
        "categories": [
          {
            "category": {
              "title": "cuecas"
            }
          }
        ]
      }
    },
    {
      "item": {
        "title": "Gola Lord",
        "image": "/img/uploads/propriedade-dos-produtos-lord-gola.png",
        "categories": [
          {
            "category": {
              "title": "bazica-lord"
            }
          }
        ]
      }
    },
    {
      "item": {
        "categories": [
          {
            "category": {
              "title": "bazica-lord"
            }
          }
        ],
        "title": "Algodão Pima",
        "image": "/img/uploads/propriedade-dos-produtos-lord-algodao-pima.png"
      }
    },
    {
      "item": {
        "categories": [
          {
            "category": {
              "title": "bazica-lord"
            }
          }
        ],
        "title": "Extremamente confortável",
        "image": "/img/uploads/propriedade-dos-produtos-lord-duravel.png"
      }
    },
    {
      "item": {
        "title": "Durável",
        "categories": [
          {
            "category": {
              "title": "bazica-lord"
            }
          }
        ],
        "image": "/img/uploads/propriedade-dos-produtos-lord-extremamente-confortavel.png"
      }
    },
    {
      "item": {
        "title": "Gola Polo",
        "categories": [
          {
            "category": {
              "title": " bazica-polo"
            }
          }
        ],
        "image": "/img/uploads/propriedade-dos-produtos-polo-gola.png"
      }
    },
    {
      "item": {
        "title": "Algodão Pima",
        "categories": [
          {
            "category": {
              "title": " bazica-polo"
            }
          }
        ],
        "image": "/img/uploads/propriedade-dos-produtos-lord-algodao-pima.png"
      }
    },
    {
      "item": {
        "title": "Extremamente Confortável",
        "categories": [
          {
            "category": {
              "title": " bazica-polo"
            }
          }
        ],
        "products": [],
        "image": "/img/uploads/propriedade-dos-produtos-lord-duravel.png"
      }
    },
    {
      "item": {
        "image": "/img/uploads/propriedade-dos-produtos-lord-extremamente-confortavel.png",
        "title": "Durável",
        "categories": [
          {
            "category": {
              "title": " bazica-polo"
            }
          }
        ]
      }
    },
    {
      "item": {
        "title": "Gola Firme",
        "categories": [
          {
            "category": {
              "title": "bazica-vibe"
            }
          }
        ],
        "image": "/img/uploads/propriedade-dos-produtos-vibe-gola-firme.png"
      }
    },
    {
      "item": {
        "title": "Leve",
        "categories": [
          {
            "category": {
              "title": "bazica-vibe"
            }
          }
        ],
        "image": "/img/uploads/propriedade-dos-produtos-vibe-leve.png"
      }
    },
    {
      "item": {
        "title": "Mobilidade",
        "categories": [
          {
            "category": {
              "title": "bazica-vibe"
            }
          }
        ],
        "image": "/img/uploads/propriedade-dos-produtos-vibe-mobilidade.png"
      }
    },
    {
      "item": {
        "title": "Toque Frio",
        "categories": [
          {
            "category": {
              "title": "bazica-vibe"
            }
          }
        ],
        "image": "/img/uploads/propriedade-dos-produtos-vibe-toque-frio.png"
      }
    },
    {
      "item": {
        "title": "Aspecto de Linho",
        "categories": [
          {
            "category": {
              "title": "bazica-vicentti"
            }
          }
        ],
        "image": "/img/uploads/propriedade-dos-produtos-vicentti-viscolinho.jpg"
      }
    },
    {
      "item": {
        "title": "Gola Firme",
        "categories": [
          {
            "category": {
              "title": "bazica-vicentti"
            }
          }
        ],
        "image": "/img/uploads/propriedade-dos-produtos-vibe-gola-firme.png"
      }
    },
    {
      "item": {
        "title": "Leve",
        "categories": [
          {
            "category": {
              "title": "bazica-vicentti"
            }
          }
        ],
        "image": "/img/uploads/propriedade-dos-produtos-vibe-leve.png"
      }
    },
    {
      "item": {
        "title": "Mobilidade",
        "categories": [
          {
            "category": {
              "title": "bazica-vicentti"
            }
          }
        ],
        "image": "/img/uploads/propriedade-dos-produtos-vibe-mobilidade.png"
      }
    },
    {
      "item": {
        "title": "100% Algodão Egípcio",
        "categories": [
          {
            "category": {
              "title": "bazica-oversized"
            }
          }
        ],
        "image": "/img/uploads/100-algodao-egipcio.png"
      }
    },
    {
      "item": {
        "title": "Gola Alongada",
        "categories": [
          {
            "category": {
              "title": "bazica-oversized"
            }
          }
        ],
        "image": "/img/uploads/gola-alongada.png"
      }
    },
    {
      "item": {
        "title": "Extremamente macia",
        "image": "/img/uploads/extremamente-macia-copia.png",
        "categories": [
          {
            "category": {
              "title": "bazica-oversized"
            }
          }
        ]
      }
    },
    {
      "item": {
        "title": "Encorpada",
        "categories": [
          {
            "category": {
              "title": "bazica-oversized"
            }
          }
        ],
        "image": "/img/uploads/asset-21.png"
      }
    }
  ]
}