{
  "links": [
    {
      "title": "Compre",
      "list": [
        {
          "item": {
            "title": "Bázica Gola C",
            "url": "/bazica-gola-c"
          }
        },
        {
          "item": {
            "title": "Bázica Long",
            "url": "/bazica-long"
          }
        },
        {
          "item": {
            "title": "Bázica Gola V",
            "url": "/bazica-gola-v"
          }
        },
        {
          "item": {
            "title": "Bázica Oversized",
            "url": "/bazica-oversized"
          }
        },
        {
          "item": {
            "title": "Bázicas Kids",
            "url": "/bazicas-kids"
          }
        },
        {
          "item": {
            "title": "Bázica Lord",
            "url": "/bazica-lord"
          }
        },
        {
          "item": {
            "title": "Bázica Vicentti",
            "url": "/bazica-vicentti"
          }
        },
        {
          "item": {
            "title": "Cuecas",
            "url": "/cuecas"
          }
        }
      ]
    },
    {
      "title": "Institucional",
      "list": [
        {
          "item": {
            "title": "Fale Conosco",
            "url": "/pages/contato"
          }
        },
        {
          "item": {
            "title": "Indique e Ganhe",
            "url": "/pages/indique-e-ganhe"
          }
        },
        {
          "item": {
            "url": "/pages/o-que-e-bazicash",
            "title": "O que é Bazicash?"
          }
        },
        {
          "item": {
            "title": "Política de Envio",
            "url": "/pages/politica-de-envio"
          }
        },
        {
          "item": {
            "title": "Política de Privacidade",
            "url": "/pages/politica-de-privacidade"
          }
        },
        {
          "item": {
            "title": "Por que comprar na Bázico?",
            "url": "/pages/por-que-comprar-na-bazico"
          }
        },
        {
          "item": {
            "title": "Trocas e Devoluções",
            "url": "/pages/trocas-e-devolucoes"
          }
        },
        {
          "item": {
            "title": "Quem somos nós",
            "url": "/pages/quem-somos-nos"
          }
        }
      ]
    },
    {
      "title": "Últimas do Blog",
      "list": [
        {
          "item": {
            "title": "Conheça a tendência entre os CEOs: Uniforme pessoal e suas vantagens",
            "url": "https://blog.sejabazico.com.br/empreendedorismo/conheca-a-tendencia-entre-os-ceos-uniforme-pessoal-e-suas-vantagens/"
          }
        },
        {
          "item": {
            "title": "Viagem: aprenda 6 dicas para arrumar a mala com mais eficiência",
            "url": "https://blog.sejabazico.com.br/viagem/viagem-aprenda-6-dicas-para-arrumar-a-mala-com-mais-eficiencia/"
          }
        },
        {
          "item": {
            "title": "Como escolher a Camiseta Básica Masculina Ideal",
            "url": "https://blog.sejabazico.com.br/minimalismo/como-escolher-a-camiseta-basica-masculina-ideal/"
          }
        },
        {
          "item": {
            "title": "Hack de Produtividade: Conheça a técnica Pomodoro",
            "url": "https://blog.sejabazico.com.br/dicas/hack-de-produtividade-conheca-a-tecnica-pomodoro/"
          }
        },
        {
          "item": {
            "title": "Título: 7 Estilos Universais Masculinos: Descubra o Seu",
            "url": "https://blog.sejabazico.com.br/estilo/titulo-7-estilos-universais-masculinos-descubra-o-seu/"
          }
        }
      ]
    }
  ]
}