{
  "meta_title": "",
  "meta_description": "",
  "sections": [
    {
      "type": "apx_banner-slider",
      "autoplay": 3000,
      "slides": [
        {
          "animate": "backInUp",
          "start": "2023-05-31T15:25:11.114Z",
          "img": "/img/uploads/femininadesktop.jpg",
          "mobile_img": "/img/uploads/femininamobile.jpg",
          "content_order": "inside_image",
          "alt": "bazica-feminina",
          "content_position": "top_center",
          "mask_opacity": 0,
          "link": "https://www.sejabazico.com.br/bazica-feminina",
          "end": "2030-03-15T02:59:39.600Z"
        },
        {
          "start": "2023-05-16T21:02:33.229Z",
          "img": "/img/uploads/oversizeddesktop.jpg",
          "mobile_img": "/img/uploads/oversizedmobile.jpg",
          "content_order": "inside_image",
          "alt": "nova bázica: Oversized!",
          "content_position": "center_left",
          "mask_opacity": 0,
          "link": "https://www.sejabazico.com.br/bazica-oversized",
          "end": "2030-03-14T21:02:34.096Z"
        },
        {
          "animate": "slideInUp",
          "start": "2023-04-16T23:42:23.093Z",
          "img": "/img/uploads/frete-desktop-.png",
          "mobile_img": "/img/uploads/frete-mobile-.png",
          "content_order": "inside_image",
          "alt": "frete-gratis",
          "content_position": "top_center",
          "mask_opacity": 0,
          "end": "2024-12-21T23:42:23.105Z"
        },
        {
          "animate": "slideInUp",
          "start": "2023-04-17T00:41:34.356Z",
          "img": "/img/uploads/banners-site-novobazipass-desktop-.jpg",
          "mobile_img": "/img/uploads/bazipass-mobile-.png",
          "content_order": "inside_image",
          "content_position": "top_center",
          "mask_opacity": 5,
          "link": "https://landing.sejabazico.com.br/bazipass-assinatura/",
          "end": "2030-03-01T00:41:34.386Z"
        }
      ]
    },
    {
      "carrossel_sm": "Sim",
      "container": "container-fluid",
      "products": [
        "636eac9a73321213f8d6f75a",
        "636eacba73321213f8d6f7e9",
        "636eacab73321213f8d6f799",
        "636eacaa73321213f8d6f794",
        "645a5ea64bd2e929c1f3ca92",
        "647500a3a0e875411ea29697",
        "636eacc173321213f8d6f808",
        "636eac9d73321213f8d6f763",
        "645187af4bd2e929c1e9b2f6",
        "636eacbc73321213f8d6f7f3"
      ],
      "carrossel_dots_md": "Sim",
      "carrossel_arrows_md": "Sim",
      "carrossel_dots_sm": "Sim",
      "carrossel_arrows_sm": "Não",
      "padding_sm": "px-1",
      "num_col_md": "4",
      "padding": "px-md-2",
      "num_col_sm": "2",
      "title": "mais vendidos",
      "type": "apx_productList_A",
      "description": "os 10 itens que nossos clientes mais curtem",
      "btn_link": "/top-10",
      "list": "description_last",
      "carrossel_md": "Sim"
    },
    {
      "carrossel_sm": "Sim",
      "container": "container-fluid",
      "products": [
        "636eac9a73321213f8d6f75a",
        "636eacba73321213f8d6f7e9",
        "636eacab73321213f8d6f799",
        "645187af4bd2e929c1e9b2f6",
        "636eacad73321213f8d6f7a3",
        "636ead1673321213f8d6f929",
        "636ead1f73321213f8d6f946",
        "645a5cfb4bd2e929c1f3c523",
        "636eacb573321213f8d6f7d1",
        "636eac9d73321213f8d6f763"
      ],
      "carrossel_dots_md": "Sim",
      "carrossel_arrows_md": "Sim",
      "padding_md": "px-md-1",
      "carrossel_dots_sm": "Sim",
      "carrossel_arrows_sm": "Não",
      "padding_sm": "px-1",
      "num_col_md": "4",
      "btn_text": "Ver Todas",
      "padding": "px-md-0",
      "num_col_sm": "2",
      "title": "sua nova camisa preferida!",
      "type": "apx_productList_A",
      "description": "Esqueça para sempre as básicas descartáveis",
      "btn_link": "/bazicas",
      "list": "description_last",
      "carrossel_md": "Sim"
    },
    {
      "type": "apx_banners-grid",
      "banners": [
        {
          "description_color": "#232323",
          "animate": "fadeInTopRight",
          "img": "/img/uploads/grid-banner-650x650-bazipass.jpg",
          "content_order": "before_image",
          "alt": "bazipass-o-programa-de-privilegios-da-bazico",
          "content_position": "center_left",
          "btn_text": "Seja um membro VIP!",
          "btn_background": "#232323",
          "btn_text_color": "#ffffff",
          "mask_opacity": 0,
          "title": "Bazipass",
          "link": "https://landing.sejabazico.com.br/bazipass-assinatura/",
          "title_color": "#232323",
          "description": "Descubra um mundo de privilégios! Nosso programa exclusivo oferece desconto de 15%, prioridade em compras, Bazicash dobrados, Bazicashs mensais e até mesmo uma Bázica grátis por indicação. Junte-se a nós e aproveite os benefícios especiais que o BaziPass dá para você."
        },
        {
          "description_color": "#232323",
          "animate": "zoomInUp",
          "img": "/img/uploads/grid-banner-650x650-quem-somos-nos.jpg",
          "content_order": "after_image",
          "alt": "time-da-bazico",
          "content_position": "center_left",
          "btn_text": "Saiba mais",
          "btn_background": "#232323",
          "btn_text_color": "#ffffff",
          "mask_opacity": 0,
          "title": "Prazer, Bázico!",
          "link": "pages/quem-somos-nos",
          "title_color": "#232323",
          "description": "Bem-vindo à Bázico, a marca de moda básica masculina que está construindo relações através de experiências únicas! Com produtos de qualidade, confiança e estilo, estamos aqui para oferecer a melhor camisa do seu guarda-roupa. Somos mais do que apenas uma marca de moda, somos uma comunidade de homens confiantes. Conheça aqui mais sobre nossa história!"
        },
        {
          "description_color": "#232323",
          "animate": "bounceInUp",
          "img": "/img/uploads/grid-banner-650x650-novidades.jpg",
          "content_order": "before_image",
          "alt": "novidades da bázico",
          "content_position": "center_left",
          "btn_text": "Garanta a sua",
          "btn_background": "#232323",
          "btn_text_color": "#ffffff",
          "mask_opacity": 0,
          "title": "Novidades!",
          "link": "/novidades",
          "title_color": "#232323",
          "description": "Nossos lançamentos! Alguns inclusive já esgotaram 😅 São novas cores e dois novos modelos imperdíveis: a Bázica Feminina e a Bázica Oversized. E o melhor de tudo é que eles estão disponíveis em quatro cores incríveis, para que você possa escolher aquela que melhor se adequa ao seu estilo. Garanta a sua "
        }
      ],
      "padding": "px-3",
      "container": "container-fluid"
    },
    {
      "carrossel_sm": "Sim",
      "container": "container_90",
      "products": [
        "647500a3a0e875411ea29697",
        "6474ffefa0e875411ea29517",
        "647500ffa0e875411ea29786",
        "6474ff46a0e875411ea2937e"
      ],
      "carrossel_dots_md": "Sim",
      "carrossel_arrows_md": "Sim",
      "carrossel_dots_sm": "Não",
      "carrossel_arrows_sm": "Não",
      "padding_sm": "px-1",
      "num_col_md": "4",
      "padding": "px-md-1",
      "num_col_sm": "2",
      "title": "sejam muito bem-vindas",
      "type": "apx_productList_A",
      "description": "foram feitas e pensadas especialmente para vocês",
      "btn_link": "/bazica-oversized",
      "list": "description_last",
      "carrossel_md": "Sim"
    },
    {
      "type": "apx_faq",
      "title": "Perguntas Frequentes",
      "description": "O que normalmente querem saber",
      "list": "description_first",
      "questions": [
        {
          "question": {
            "title": "Como tirar dúvidas sobre o tamanho da minha Bázica?",
            "response": "Basta usar o nosso provador virtual, ele vai te indicar o tamanho perfeito para o seu corpo!<br>Caso ainda fique com dúvidas, você pode solicitar uma análise personalizada pelo nosso WhatsApp!"
          }
        },
        {
          "question": {
            "title": "Qual a composição das Bázicas?",
            "response": "Nossas Bázicas são feitas com uma das matérias primas mais nobres do mundo, que é o algodão egípcio! Além disso, possuem um pequeno teor de elastano, que confere mais mobilidade as nossas peças.<br>Importante ressaltar que nossas camisetas não desbotam, não encolhem e não esticam!"
          }
        },
        {
          "question": {
            "title": "Posso trocar se a camisa não ficar boa?",
            "response": "Com certeza! Sem complicações, super rápido e sem custo na primeira troca!<br>Queremos você 100% satisfeito! Basta solicitar a troca pelo nosso e-mail (suporte@sejabazico.com.br) ou WhatsApp!"
          }
        },
        {
          "question": {
            "title": "Quais são as formas de pagamento?",
            "response": "Nós aceitamos PIX e cartões de crédito em até 5x sem juros!"
          }
        },
        {
          "question": {
            "title": "Qual o valor do frete?",
            "response": "Temos frete grátis para compras acima de R$299,00 para todo Brasil! (Com exceção dos estados da região Norte).<br>Para compras abaixo desse valor você pode consultar inserindo o seu CEP na hora finalizar sua compra!"
          }
        },
        {
          "question": {
            "title": "Qual a diferença entre a Air e a Powerful?",
            "response": "Todas as nossas Bázicas são compostas por algodão egípcio e elastano.<br>A diferença é que a Air possui 7% de elastano, então passa uma sensação de leveza, parece que você não está usando nada! E a powerful, por possuir 10% de elastano, é mais encorpada, então ela abraça e modela mais o seu corpo!"
          }
        },
        {
          "question": {
            "title": "O que é Bazicash?",
            "response": "É o modelo de cashback da Bázico! Em todas as suas compras você acumula Bazicash, que são pontos que funcionam como uma moeda virtual.<br>Juntando Bazicash você consegue trocar por descontos, produtos exclusivos e Bázicas em nosso site!<br> Para te situar melhor, com 999 Bazicash você consegue trocar por uma Bázica!"
          }
        },
        {
          "question": {
            "title": "Como faço para consultar meu saldo de Bazicash?",
            "response": "No canto direito do site tem um botão com uma moeda dourada, ao clicar nele vai aparecer um campo para inserir o seu CPF; você pode consultar quantos pontos você tem a resgatar os prêmios disponíveis: descontos, produtos exclusivos e Bázicas"
          }
        }
      ]
    },
    {
      "type": "apx_newsletter",
      "title": "Assine nossa Newsletter",
      "description": "Não fique de fora dos lançamentos, reposições, novidades e receba conhecimentos bázicos que todo homem precisa saber!",
      "list": "description_last",
      "btn_text": "Assinar",
      "input_placeholder": "seumelhoremail@email.com"
    }
  ]
}