{
  "sections": [
    {
      "type": "product-block",
      "enabled": true
    },
    {
      "type": "apx_blockPerCategory",
      "title": "Descrição das Bázicas Gola C",
      "slug": "Bázica Gola C",
      "list": [
        {
          "content": {
            "title": "Nosso Diferencial",
            "subtitle": "Porque nem toda camiseta básica é igual",
            "body": "**Já chega de camisetas descartáveis.**\\\n\\\nPagar caro em peças que não duram só porque elas têm uma logomarca no peito é coisa do passado.\\\n\\\nNão é porque a sua camiseta não tem estampa que ela precisa ser qualquer uma!\\\n\\\nA nossa Bázica foi feita para durar. É extremamente versátil e te traz confiança com um caimento impecável.",
            "text_align": "left",
            "image_position": "first",
            "image": "/img/uploads/pagina-de-venda-oversizedvarias-cores.jpg"
          }
        },
        {
          "content": {
            "title": "Porque a nossa é melhor?",
            "image_position": "last",
            "text_align": "left",
            "body": "**A camiseta que dura até 7x mais do que as convencionais**\\\n**com a melhor experiência de compra do mercado.**\n\n* N﻿ão encolhe\n* N﻿ão estica\n* N﻿ão perde a cor\n* C﻿aimento incrível\n* A﻿lgodão egípcio (O melhor do **mundo**)\n* T﻿oque macio e confortável",
            "image": "/img/uploads/pagina-de-venda-oversizedgola-c.jpg",
            "subtitle": "Veja com seus próprios olhos"
          }
        },
        {
          "content": {
            "image_position": "first",
            "text_align": "center",
            "body": "![](/img/uploads/vertical-c.png)"
          }
        }
      ]
    },
    {
      "type": "apx_blockPerCategory",
      "title": "Oversized",
      "slug": "Bázica Oversized",
      "list": [
        {
          "content": {
            "body": "Medidas do modelo: 1,79 m | 72kg | Veste: M",
            "image_position": "last",
            "text_align": "center"
          }
        },
        {
          "content": {
            "title": "Nosso diferencial",
            "subtitle": "A sua nova Bázica preferida!",
            "image_position": "last",
            "body": "**Já chega de camisetas descartáveis.**\\\n\\\nPagar caro em peças que não duram só porque elas têm uma logomarca no peito é coisa do passado.\\\n\\\nNão é porque a sua camiseta não tem estampa que ela precisa ser qualquer uma!\\\n\\\nA nossa Bázica foi feita para durar. Com estilo minimalista, a Bázica Oversized se adapta facilmente a diferentes ocasiões. Use-a com calças jeans para um estilo descontraído, ou combine-a com calças de alfaiataria para um visual mais elegante e moderno.",
            "text_align": "left",
            "image": "/img/uploads/pagina-de-venda-oversized-recovered4-camisas1.jpg"
          }
        },
        {
          "content": {
            "title": "100% única, 100% algodão egípcio.",
            "subtitle": "nem toda Oversized é igual",
            "image_position": "last",
            "text_align": "right",
            "image": "/img/uploads/pagina-de-venda-oversized-recovered4-camisas.jpg",
            "body": "**Entenda os diferenciais da Bázica Oversized:**\n\n* Não deforma\n* Dura até 7x mais que camisas de algodão comum\n* Toque extremamente macio\n* Gola alongada, vai te deixar elegante como poucos\n* Caimento Oversized, manga até o cotovelo e alargada, isso é o que dá todo esse estilo e presença"
          }
        },
        {
          "content": {
            "title": "Tabela de medidas",
            "text_align": "center",
            "image_position": "first",
            "body": "![](/img/uploads/horizontal.png)"
          }
        }
      ]
    },
    {
      "type": "apx_blockPerCategory",
      "title": "Descrição das Bázicas V",
      "slug": "Bázica Gola V",
      "list": [
        {
          "content": {
            "title": "Nosso Diferencial",
            "subtitle": "Porque nem toda camiseta básica é igual",
            "image_position": "first",
            "text_align": "left",
            "body": "**Já chega de camisetas descartáveis.**\\\n\\\nPagar caro em peças que não duram só porque elas têm uma logomarca no peito é coisa do passado.\\\n\\\nNão é porque a sua camiseta não tem estampa que ela precisa ser qualquer uma!\\\n\\\nA nossa Bázica foi feita para durar. É extremamente versátil e te traz confiança com um caimento impecável.",
            "image": "/img/uploads/pagina-de-venda-oversizedvarias-cores.jpg"
          }
        },
        {
          "content": {
            "title": "Porque a nossa é melhor?",
            "subtitle": "Veja com seus próprios olhos",
            "image_position": "last",
            "text_align": "left",
            "body": "**A camiseta que dura até 7x mais do que as convencionais**\\\n**com a melhor experiência de compra do mercado.**\n\n* N﻿ão encolhe\n* N﻿ão estica\n* N﻿ão perde a cor\n* C﻿aimento incrível\n* A﻿lgodão egípcio (O melhor do **mundo**)\n* T﻿oque macio e confortável",
            "image": "/img/uploads/pagina-de-venda-oversizedgola-v.jpg"
          }
        },
        {
          "content": {
            "body": "![](/img/uploads/vertical-v.png)",
            "image_position": "first",
            "text_align": "center"
          }
        }
      ]
    },
    {
      "type": "apx_blockPerCategory",
      "title": "Bázica Long",
      "slug": "Bázica Long",
      "list": [
        {
          "content": {
            "title": "Nosso Diferencial",
            "subtitle": "Porque nem toda camiseta básica é igual",
            "image_position": "last",
            "text_align": "left",
            "body": "**Já chega de camisetas descartáveis.**\\\n\\\nPagar caro em peças que não duram só porque elas têm uma logomarca no peito é coisa do passado.\\\n\\\nNão é porque a sua camiseta não tem estampa que ela precisa ser qualquer uma!\\\n\\\nA nossa Bázica foi feita para durar. É extremamente versátil e te traz confiança com um caimento impecável.",
            "image": "/img/uploads/pagina-de-venda-oversizedvarias-cores.jpg"
          }
        },
        {
          "content": {
            "title": "Porque a nossa é melhor?",
            "subtitle": "Veja com seus próprios olhos",
            "image_position": "last",
            "text_align": "left",
            "body": "**A camiseta que dura até 7x mais do que as convencionais**\\\n**com a melhor experiência de compra do mercado.**\n\n* N﻿ão encolhe\n* N﻿ão estica\n* N﻿ão perde a cor\n* Corte a laser na gola, manga e barra\n* Split lateral\n* C﻿aimento incrível\n* A﻿lgodão egípcio (O melhor do **mundo**)\n* T﻿oque macio e confortável",
            "image": "/img/uploads/pagina-de-venda-oversizedlong.jpg"
          }
        },
        {
          "content": {
            "body": "![](/img/uploads/vertical.png)",
            "text_align": "center",
            "image_position": "first"
          }
        }
      ]
    },
    {
      "type": "apx_blockPerCategory",
      "title": "Descrição das Bázicas Femininas",
      "slug": "Bázica Feminina",
      "list": [
        {
          "content": {
            "body": "Medidas da modelo: 1,75 m | 60kg | Veste: P",
            "image_position": "last",
            "text_align": "center"
          }
        },
        {
          "content": {
            "title": "Escutamos as mulheres e foi nisso que deu!",
            "subtitle": "",
            "image_position": "first",
            "text_align": "left",
            "body": "Durante 3 anos enviando para todo o Brasil as melhores camisetas básicas que os homens já viram, escutamos muitos pedidos para lançarmos a Bázica Feminina. \n\nO trabalho não era fácil, a expectativa era alta, afinal, se temos a melhor Bázica para os homens, precisamos ter a melhor Bázica para as mulheres.\n\nApós escutar a opinião de dezenas de clientes que provaram a primeira Bázica Feminina, ficamos 100% confiantes e o resultado vai ser essa página sendo desativada em alguns dias por motivos de: vai acabar tudo!",
            "image": "/img/uploads/pagina-de-venda-feminina3.jpg"
          }
        },
        {
          "content": {
            "title": "Incomoda todo mundo!",
            "subtitle": "",
            "image_position": "last",
            "text_align": "left",
            "body": "Não é novidade que o mercado de moda feminina é mais desenvolvido que o masculino, mas não imaginávamos que as principais reclamações dos homens, eram reclamações das mulheres também.\n\n* Camisetas básicas que se acabavam muito rápido\n* Quando era boa, era cara!\n* Um caimento que não te valorizava\n* Cores que se perdiam nas primeiras lavagens\n* Várias bolinhas com 1 mês de uso\n\nE sendo sincero, essas reclamações aí **a gente resolve de olho fechado!**",
            "image": "/img/uploads/pagina-de-venda-feminina1.jpg"
          }
        },
        {
          "content": {
            "title": "A mágica do algodão egípcio!",
            "body": "A Bázica Feminina é feita com algodão egípcio, que em resumo é um dos melhores tecidos do mundo, com alguns detalhes técnicos que fazem dela ser a melhor camiseta que você vai ter!\n\nTem uma pitada de elastano que garante um caimento único, se adaptando ao desenho do seu corpo.\n\nCom a Bázica você não se preocupa com:\n\n* Camisetas encolhendo ou deformando\n* Perder a cor\n* Roupa parada no guarda roupa sem nunca ter usado\n* Sem bolinhas, com um toque beeem confortável\n\nSão poucas as recomendações de cuidado para você ter sua Bázica por anos! E na primeira vez que provar, vai ser sua Bázica preferida!",
            "text_align": "left",
            "image_position": "first",
            "image": "/img/uploads/pagina-de-venda-feminina2.jpg"
          }
        },
        {
          "content": {
            "title": "Quer ser uma das primeiras e talvez únicas?",
            "subtitle": "vai esgotar rápido.",
            "body": "A Bázica Feminina chegou no modelo Gola V e com 4 cores: Preta, Branca, Verde Sílvia e Toffe.\n\nSomando todas elas, são cerca de 500 Bázicas e é certo: vai esgotar rápido.\n\nAinda não sabemos se vai chegar novamente pelo menos neste ano, então se pudesse te dar um conselho: não deixe para depois.\n\nVocê tem total garantia de satisfação! Caso o tamanho não fique como desejado, não gostou da cor ou quer simplesmente desistir da compra, a troca e devolução é 100% gratuida e não leva nem 3 minutos.\n\nCompre agora sua nova camiseta preferida!",
            "image_position": "first",
            "text_align": "left"
          }
        },
        {
          "content": {
            "body": "![](/img/uploads/vertical.png)",
            "image_position": "first",
            "text_align": "center"
          }
        }
      ]
    }
  ]
}